Feature,Inertia,Silhouette Score,Davies-Bouldin Index,Calinski-Harabasz Score
Angle,4132.39511027566,0.5630619333644697,0.5565614508266861,30657.92687056773
Displacement,3523.6213731835774,0.5549586756706582,0.5630243970382597,37520.230905908036
Angle_Displacement,11075.78904332917,0.3462018268946428,0.8770945406438033,10287.955838536453
